Workbook

Sheet Posts
A1: Date | B1: Platform | C1: Content Type | D1: Reach | E1: Impressions | F1: Likes | G1: Comments | H1: Shares | I1: New Followers | J1: Engagements | K1: Engagement Rate
A2: 2024-07-01 | B2: LinkedIn | C2: Image | D2: 1601 | E2: 2261 | F2: 85 | G2: 8 | H2: 41 | I2: 6 | J2: =F2+G2+H2 -> 134 | K2: =J2/D2 -> 0.083697689
A3: 2024-07-02 | B3: Instagram | C3: Reel/Short | D3: 3611 | E3: 4354 | F3: 90 | G3: 19 | H3: 20 | I3: 7 | J3: =F3+G3+H3 -> 129 | K3: =J3/D3 -> 0.035724176
A4: 2024-07-03 | B4: Instagram | C4: Video | D4: 3998 | E4: 4810 | F4: 120 | G4: 11 | H4: 35 | I4: 9 | J4: =F4+G4+H4 -> 166 | K4: =J4/D4 -> 0.04152076
A5: 2024-07-03 | B5: X | C5: Carousel | D5: 2141 | E5: 2556 | F5: 103 | G5: 17 | H5: 30 | I5: 7 | J5: =F5+G5+H5 -> 150 | K5: =J5/D5 -> 0.070060719
A6: 2024-07-03 | B6: X | C6: Carousel | D6: 405 | E6: 532 | F6: 9 | G6: 2 | H6: 4 | I6: 0 | J6: =F6+G6+H6 -> 15 | K6: =J6/D6 -> 0.037037037
A7: 2024-07-04 | B7: Facebook | C7: Text | D7: 3042 | E7: 3892 | F7: 167 | G7: 25 | H7: 78 | I7: 18 | J7: =F7+G7+H7 -> 270 | K7: =J7/D7 -> 0.088757396
A8: 2024-07-05 | B8: Instagram | C8: Image | D8: 4375 | E8: 6755 | F8: 130 | G8: 20 | H8: 34 | I8: 10 | J8: =F8+G8+H8 -> 184 | K8: =J8/D8 -> 0.042057143
A9: 2024-07-06 | B9: TikTok | C9: Text | D9: 3272 | E9: 4789 | F9: 57 | G9: 6 | H9: 17 | I9: 4 | J9: =F9+G9+H9 -> 80 | K9: =J9/D9 -> 0.024449878
A10: 2024-07-06 | B10: LinkedIn | C10: Text | D10: 1388 | E10: 2014 | F10: 20 | G10: 2 | H10: 8 | I10: 1 | J10: =F10+G10+H10 -> 30 | K10: =J10/D10 -> 0.021613833
A11: 2024-07-07 | B11: Instagram | C11: Video | D11: 5617 | E11: 7465 | F11: 319 | G11: 32 | H11: 122 | I11: 21 | J11: =F11+G11+H11 -> 473 | K11: =J11/D11 -> 0.084208652
A12: 2024-07-07 | B12: Instagram | C12: Video | D12: 5438 | E12: 6935 | F12: 175 | G12: 37 | H12: 55 | I12: 21 | J12: =F12+G12+H12 -> 267 | K12: =J12/D12 -> 0.049098933
A13: 2024-07-08 | B13: Instagram | C13: Video | D13: 1538 | E13: 1777 | F13: 75 | G13: 9 | H13: 36 | I13: 3 | J13: =F13+G13+H13 -> 120 | K13: =J13/D13 -> 0.078023407
... A617: 2026-06-30 | B617: Facebook | C617: Image | D617: 1987 | E617: 2655 | F617: 113 | G617: 17 | H617: 28 | I617: 5 | J617: =F617+G617+H617 -> 158 | K617: =J617/D617 -> 0.07951686

Sheet Summary
A1: Social media reach summary
A2: Source: Posts sheet (synthetic sample data, generated for this project)
A4: Monthly reach | E4: Reach by platform | I4: Engagement by content type
A5: Month | B5: Reach | C5: Engagements | E5: Platform | F5: Reach | G5: Avg Engagement Rate | I5: Content type | J5: Engagements
A6: 2024-07 | B6: =SUMPRODUCT((TEXT(Posts!$A$2:$A$617,"YYYY-MM")=A6)*Posts!$D$2:$D$617) -> 95387 | C6: =SUMPRODUCT((TEXT(Posts!$A$2:$A$617,"YYYY-MM")=A6)*Posts!$J$2:$J$617) -> 5469 | E6: Instagram | F6: =SUMIFS(Posts!$D$2:$D$617,Posts!$B$2:$B$617,E6) -> 1125902 | G6: =AVERAGEIFS(Posts!$K$2:$K$617,Posts!$B$2:$B$617,E6) -> 0.054376997 | I6: Image | J6: =SUMIFS(Posts!$J$2:$J$617,Posts!$C$2:$C$617,I6) -> 28928
A7: 2024-08 | B7: =SUMPRODUCT((TEXT(Posts!$A$2:$A$617,"YYYY-MM")=A7)*Posts!$D$2:$D$617) -> 93017 | C7: =SUMPRODUCT((TEXT(Posts!$A$2:$A$617,"YYYY-MM")=A7)*Posts!$J$2:$J$617) -> 5138 | E7: Facebook | F7: =SUMIFS(Posts!$D$2:$D$617,Posts!$B$2:$B$617,E7) -> 370408 | G7: =AVERAGEIFS(Posts!$K$2:$K$617,Posts!$B$2:$B$617,E7) -> 0.05845262 | I7: Video | J7: =SUMIFS(Posts!$J$2:$J$617,Posts!$C$2:$C$617,I7) -> 31993
A8: 2024-09 | B8: =SUMPRODUCT((TEXT(Posts!$A$2:$A$617,"YYYY-MM")=A8)*Posts!$D$2:$D$617) -> 113075 | C8: =SUMPRODUCT((TEXT(Posts!$A$2:$A$617,"YYYY-MM")=A8)*Posts!$J$2:$J$617) -> 6295 | E8: X | F8: =SUMIFS(Posts!$D$2:$D$617,Posts!$B$2:$B$617,E8) -> 174805 | G8: =AVERAGEIFS(Posts!$K$2:$K$617,Posts!$B$2:$B$617,E8) -> 0.055123836 | I8: Carousel | J8: =SUMIFS(Posts!$J$2:$J$617,Posts!$C$2:$C$617,I8) -> 31401
A9: 2024-10 | B9: =SUMPRODUCT((TEXT(Posts!$A$2:$A$617,"YYYY-MM")=A9)*Posts!$D$2:$D$617) -> 51323 | C9: =SUMPRODUCT((TEXT(Posts!$A$2:$A$617,"YYYY-MM")=A9)*Posts!$J$2:$J$617) -> 2790 | E9: LinkedIn | F9: =SUMIFS(Posts!$D$2:$D$617,Posts!$B$2:$B$617,E9) -> 189893 | G9: =AVERAGEIFS(Posts!$K$2:$K$617,Posts!$B$2:$B$617,E9) -> 0.052450907 | I9: Text | J9: =SUMIFS(Posts!$J$2:$J$617,Posts!$C$2:$C$617,I9) -> 30920
A10: 2024-11 | B10: =SUMPRODUCT((TEXT(Posts!$A$2:$A$617,"YYYY-MM")=A10)*Posts!$D$2:$D$617) -> 112456 | C10: =SUMPRODUCT((TEXT(Posts!$A$2:$A$617,"YYYY-MM")=A10)*Posts!$J$2:$J$617) -> 5308 | E10: TikTok | F10: =SUMIFS(Posts!$D$2:$D$617,Posts!$B$2:$B$617,E10) -> 821793 | G10: =AVERAGEIFS(Posts!$K$2:$K$617,Posts!$B$2:$B$617,E10) -> 0.053611167 | I10: Reel/Short | J10: =SUMIFS(Posts!$J$2:$J$617,Posts!$C$2:$C$617,I10) -> 24592
A11: 2024-12 | B11: =SUMPRODUCT((TEXT(Posts!$A$2:$A$617,"YYYY-MM")=A11)*Posts!$D$2:$D$617) -> 49759 | C11: =SUMPRODUCT((TEXT(Posts!$A$2:$A$617,"YYYY-MM")=A11)*Posts!$J$2:$J$617) -> 3062
A12: 2025-01 | B12: =SUMPRODUCT((TEXT(Posts!$A$2:$A$617,"YYYY-MM")=A12)*Posts!$D$2:$D$617) -> 102409 | C12: =SUMPRODUCT((TEXT(Posts!$A$2:$A$617,"YYYY-MM")=A12)*Posts!$J$2:$J$617) -> 5219
A13: 2025-02 | B13: =SUMPRODUCT((TEXT(Posts!$A$2:$A$617,"YYYY-MM")=A13)*Posts!$D$2:$D$617) -> 132213 | C13: =SUMPRODUCT((TEXT(Posts!$A$2:$A$617,"YYYY-MM")=A13)*Posts!$J$2:$J$617) -> 6362
A14: 2025-03 | B14: =SUMPRODUCT((TEXT(Posts!$A$2:$A$617,"YYYY-MM")=A14)*Posts!$D$2:$D$617) -> 88558 | C14: =SUMPRODUCT((TEXT(Posts!$A$2:$A$617,"YYYY-MM")=A14)*Posts!$J$2:$J$617) -> 5491
A15: 2025-04 | B15: =SUMPRODUCT((TEXT(Posts!$A$2:$A$617,"YYYY-MM")=A15)*Posts!$D$2:$D$617) -> 92809 | C15: =SUMPRODUCT((TEXT(Posts!$A$2:$A$617,"YYYY-MM")=A15)*Posts!$J$2:$J$617) -> 4600
A16: 2025-05 | B16: =SUMPRODUCT((TEXT(Posts!$A$2:$A$617,"YYYY-MM")=A16)*Posts!$D$2:$D$617) -> 92760 | C16: =SUMPRODUCT((TEXT(Posts!$A$2:$A$617,"YYYY-MM")=A16)*Posts!$J$2:$J$617) -> 5208
A17: 2025-06 | B17: =SUMPRODUCT((TEXT(Posts!$A$2:$A$617,"YYYY-MM")=A17)*Posts!$D$2:$D$617) -> 92390 | C17: =SUMPRODUCT((TEXT(Posts!$A$2:$A$617,"YYYY-MM")=A17)*Posts!$J$2:$J$617) -> 5141
A18: 2025-07 | B18: =SUMPRODUCT((TEXT(Posts!$A$2:$A$617,"YYYY-MM")=A18)*Posts!$D$2:$D$617) -> 126147 | C18: =SUMPRODUCT((TEXT(Posts!$A$2:$A$617,"YYYY-MM")=A18)*Posts!$J$2:$J$617) -> 7502
A19: 2025-08 | B19: =SUMPRODUCT((TEXT(Posts!$A$2:$A$617,"YYYY-MM")=A19)*Posts!$D$2:$D$617) -> 115114 | C19: =SUMPRODUCT((TEXT(Posts!$A$2:$A$617,"YYYY-MM")=A19)*Posts!$J$2:$J$617) -> 5876
A20: 2025-09 | B20: =SUMPRODUCT((TEXT(Posts!$A$2:$A$617,"YYYY-MM")=A20)*Posts!$D$2:$D$617) -> 123463 | C20: =SUMPRODUCT((TEXT(Posts!$A$2:$A$617,"YYYY-MM")=A20)*Posts!$J$2:$J$617) -> 7144
A21: 2025-10 | B21: =SUMPRODUCT((TEXT(Posts!$A$2:$A$617,"YYYY-MM")=A21)*Posts!$D$2:$D$617) -> 112318 | C21: =SUMPRODUCT((TEXT(Posts!$A$2:$A$617,"YYYY-MM")=A21)*Posts!$J$2:$J$617) -> 5189
A22: 2025-11 | B22: =SUMPRODUCT((TEXT(Posts!$A$2:$A$617,"YYYY-MM")=A22)*Posts!$D$2:$D$617) -> 185598 | C22: =SUMPRODUCT((TEXT(Posts!$A$2:$A$617,"YYYY-MM")=A22)*Posts!$J$2:$J$617) -> 9267
... A29: 2026-06 | B29: =SUMPRODUCT((TEXT(Posts!$A$2:$A$617,"YYYY-MM")=A29)*Posts!$D$2:$D$617) -> 148400 | C29: =SUMPRODUCT((TEXT(Posts!$A$2:$A$617,"YYYY-MM")=A29)*Posts!$J$2:$J$617) -> 8737
A31: Total reach | B31: =SUM(B6:B29) -> 2682801
A32: Total engagements | B32: =SUM(C6:C29) -> 147834
A33: Overall engagement rate | B33: =B32/B31 -> 0.055104348
A34: Total new followers | B34: =SUM(Posts!I2:I617) -> 7180
A35: Top platform by reach | B35: =INDEX(E6:E10,MATCH(MAX(F6:F10),F6:F10,0)) -> Instagram
